Study,Atelectasis,Cardiomegaly,Consolidation,Edema,Pleural Effusion
valid/patient00000/study1,0.79903287,0.08021712,0.71287286,0.7703274,0.98928624
valid/patient00000/study2,0.9078751,0.026382321,0.35319966,0.6182321,0.6691602
