loss,model,dataset,imratio,ece,mce,oel,sce,ace,top1,auc
ce,resnet18,c2,0.01,0.493086612546444,0.6294525691441127,0.48808555166298123,0.49308659353842965,0.492998192129261,49.68000030517578,0.6267411913191964
aucm,resnet18,c2,0.01,0.06982678718566893,0.06982678718566893,0.03956572808251302,0.06982677228450773,0.09359638848900796,49.68000030517578,0.6095484471043935
ce,resnet18,c2,0.01,0.489078953242302,0.787589297618395,0.48151678189476804,0.48907893875278535,0.4890230461558793,49.68000030517578,0.656318082788671
aucm,resnet18,c2,0.01,0.08137145406007769,0.09123358117209546,0.04390533587689242,0.08137143982946875,0.09504576477110385,49.68000030517578,0.6137028972706722
ce,resnet18,c2,0.01,0.4743107661366463,0.7507357165731232,0.4628625378106124,0.4783882990483195,0.4783725007192582,49.68000030517578,0.6947396565363317
aucm,resnet18,c2,0.01,0.03097533825635913,0.08819047523581458,0.01657907408530487,0.10489279797673227,0.10623755661994219,63.02000045776367,0.7299473386429909
