loss,model,dataset,imratio,ece,mce,oel,sce,ace,top1,auc
focal,resnet18,imagenet_lt,0.1,0.36946516605764623,0.9533341739207548,0.22035738164850696,0.0012705161716834667,0.0013290783499749757,0.8340000510215759,0.7634149315315316
focal,resnet18,c2,0.01,0.38013947507143014,0.5524426416052339,0.34196694968514163,0.39817981569655236,0.39817565616611394,49.68000030517578,0.7318077348448193
focal,resnet18,stl10,0.01,0.3665339645817876,0.430239474307028,0.3164171503901566,0.3682313793303911,0.3680785293085501,50.0,0.63998309375
focal,resnet18,cifar10,0.01,0.37451797068119047,0.5286162583724312,0.3212544947145281,0.37521869403161107,0.3751992173876614,50.0,0.7187245
focal,resnet18,cifar100,0.01,0.22901835186481476,0.3302373391366288,0.16457757125127873,0.22901834934279325,0.2289207865118981,50.0,0.6150100000000001
focal,resnet18,c2,0.1,0.0845625035762787,0.2045608545934725,0.06809706641245673,0.20003193730413915,0.205662467979081,49.68000030517578,0.9654366642857691
