model,dataset,imratio,ece,mce,oel,sce,ace,top1,auc
resnet18,c2,0.01,0.15772634114027023,0.21911499842558757,0.13346147197932218,0.16089490889385344,0.15939663762953135,63.47999954223633,0.690642768727807
resnet18,stl10,0.01,0.25857342121750115,0.3504936476671918,0.23127147325795577,0.2599188009378267,0.25984335077487053,57.91250228881836,0.6170461249999999
resnet18,cifar10,0.01,0.1444917506933212,0.22759133337428739,0.1193897118057079,0.15370642364043743,0.15388023869115863,61.81999969482422,0.67800208
resnet18,cifar100,0.01,0.18320253912210466,0.3308392185153384,0.12925266916237246,0.19547559546288107,0.19551160412579777,51.71999740600586,0.60493478
